{"cameraMode":{"drawMode":0,"name":"Shaded","section":"Shading Mode"},"sceneLighting":false,"audioPlay":false,"sceneViewState":{"showFog":true,"showMaterialUpdate":false,"showSkybox":false,"showFlares":true,"showImageEffects":true,"showParticleSystems":true},"in2DMode":false,"pivot":{"x":0.27308550477027895,"y":-0.31367945671081545,"z":0.877922534942627},"rotation":{"x":0.15882457792758943,"y":-0.8225392699241638,"z":0.2779114842414856,"w":0.47018489241600039},"size":1.2890799045562745,"orthographic":false}