{"cameraMode":{"drawMode":0,"name":"Shaded","section":"Shading Mode"},"sceneLighting":true,"audioPlay":false,"sceneViewState":{"showFog":true,"showMaterialUpdate":false,"showSkybox":true,"showFlares":true,"showImageEffects":true,"showParticleSystems":true},"in2DMode":false,"pivot":{"x":-4.875677108764648,"y":-2.5522563457489015,"z":2.0524890422821047},"rotation":{"x":0.22225509583950044,"y":-0.7358751893043518,"z":0.285842627286911,"w":0.572176992893219},"size":6.865084171295166,"orthographic":false}